image,class,regime,method,fr,grad,sigma,dc_psnr,dc_ssim,dc_worst,oct0,oct1,oct2,oct3,oct_base
Bayer_photo,photo,bicubic,HEART-fp16-64-t256o32,23.75,2.8829,92.20,44.18,0.9962,0.9900,0.8571,0.8928,0.9687,0.9903,0.9979
Bayer_photo,photo,bicubic,HEART-fp16-64-t256o64,23.80,2.8880,92.20,44.20,0.9962,0.9903,0.8571,0.8929,0.9688,0.9903,0.9978
Bayer_photo,photo,bicubic,HEART-fp16-64-t384o32,23.95,2.9183,92.24,44.36,0.9961,0.9862,0.8565,0.8928,0.9691,0.9904,0.9977
Bayer_photo,photo,bicubic,HEART-fp16-64-t384o64,23.94,2.9188,92.24,44.35,0.9961,0.9862,0.8564,0.8928,0.9691,0.9904,0.9977
Bayer_photo,photo,bicubic,HEART-fp16-64-t512o32,23.58,2.9506,92.27,44.24,0.9959,0.9840,0.8555,0.8923,0.9687,0.9904,0.9976
Bayer_photo,photo,bicubic,HEART-fp16-64-t512o64,23.58,2.9506,92.27,44.24,0.9959,0.9840,0.8555,0.8923,0.9687,0.9904,0.9976
Bayer_photo,photo,bicubic,HEART-fp16-64-whole,23.58,2.9506,92.27,44.24,0.9959,0.9840,0.8555,0.8923,0.9687,0.9904,0.9976
Bayer_photo,photo,bicubic,HEART-fp16r-64-whole,23.58,2.9490,92.26,44.24,0.9959,0.9841,0.8555,0.8923,0.9687,0.9904,0.9977
Bayer_photo,photo,bicubic,HEART-fp32-64-whole,23.58,2.9531,92.28,44.30,0.9960,0.9841,0.8554,0.8923,0.9687,0.9904,0.9977
Bayer_photo,photo,bicubic,REFERENCE,100.00,3.7308,92.51,33.95,0.9819,0.9247,nan,nan,nan,nan,nan
Bayer_photo,photo,lanczos,HEART-fp16-64-t256o32,47.97,2.8986,92.14,42.07,0.9953,0.9875,0.8785,0.9225,0.9919,0.9983,0.9995
Bayer_photo,photo,lanczos,HEART-fp16-64-t256o64,48.10,2.9042,92.14,42.08,0.9954,0.9879,0.8784,0.9226,0.9920,0.9984,0.9995
Bayer_photo,photo,lanczos,HEART-fp16-64-t384o32,48.71,2.9359,92.18,42.18,0.9954,0.9823,0.8779,0.9229,0.9925,0.9985,0.9994
Bayer_photo,photo,lanczos,HEART-fp16-64-t384o64,48.69,2.9362,92.18,42.18,0.9954,0.9826,0.8779,0.9229,0.9925,0.9985,0.9994
Bayer_photo,photo,lanczos,HEART-fp16-64-t512o32,48.64,2.9672,92.20,42.19,0.9953,0.9817,0.8772,0.9226,0.9924,0.9985,0.9993
Bayer_photo,photo,lanczos,HEART-fp16-64-t512o64,48.64,2.9672,92.20,42.19,0.9953,0.9817,0.8772,0.9226,0.9924,0.9985,0.9993
Bayer_photo,photo,lanczos,HEART-fp16-64-whole,48.64,2.9672,92.20,42.19,0.9953,0.9817,0.8772,0.9226,0.9924,0.9985,0.9993
Bayer_photo,photo,lanczos,HEART-fp16r-64-whole,48.65,2.9663,92.19,42.20,0.9954,0.9827,0.8772,0.9226,0.9924,0.9985,0.9993
Bayer_photo,photo,lanczos,HEART-fp32-64-whole,48.64,2.9689,92.21,42.23,0.9954,0.9829,0.8772,0.9226,0.9924,0.9985,0.9994
Bayer_photo,photo,lanczos,REFERENCE,100.00,3.7308,92.51,41.68,0.9940,0.9653,nan,nan,nan,nan,nan
Bayer_photo,photo,jpeg,HEART-fp16-64-t256o32,-7.29,2.0859,91.98,37.12,0.9715,0.9184,0.8652,0.8701,0.9271,0.9767,0.9952
Bayer_photo,photo,jpeg,HEART-fp16-64-t256o64,-7.36,2.0883,91.98,37.07,0.9712,0.9176,0.8652,0.8701,0.9271,0.9766,0.9952
Bayer_photo,photo,jpeg,HEART-fp16-64-t384o32,-6.94,2.0806,92.01,37.22,0.9716,0.9059,0.8654,0.8705,0.9277,0.9771,0.9951
Bayer_photo,photo,jpeg,HEART-fp16-64-t384o64,-6.94,2.0813,92.01,37.22,0.9716,0.9072,0.8653,0.8705,0.9277,0.9771,0.9951
Bayer_photo,photo,jpeg,HEART-fp16-64-t512o32,-6.90,2.0880,92.04,37.24,0.9724,0.9061,0.8653,0.8705,0.9277,0.9771,0.9952
Bayer_photo,photo,jpeg,HEART-fp16-64-t512o64,-6.90,2.0880,92.04,37.24,0.9724,0.9061,0.8653,0.8705,0.9277,0.9771,0.9952
Bayer_photo,photo,jpeg,HEART-fp16-64-whole,-6.90,2.0880,92.04,37.24,0.9724,0.9061,0.8653,0.8705,0.9277,0.9771,0.9952
Bayer_photo,photo,jpeg,HEART-fp16r-64-whole,-6.89,2.0873,92.03,37.24,0.9727,0.9079,0.8653,0.8705,0.9277,0.9771,0.9952
Bayer_photo,photo,jpeg,HEART-fp32-64-whole,-6.89,2.0879,92.05,37.25,0.9727,0.9085,0.8653,0.8705,0.9277,0.9771,0.9952
Bayer_photo,photo,jpeg,REFERENCE,100.00,3.7308,92.51,31.86,0.9296,0.7659,nan,nan,nan,nan,nan
CustSpotlight_graphic,graphic,bicubic,HEART-fp16-64-t256o32,23.27,2.9962,58.98,41.19,0.9967,0.9835,0.9089,0.9247,0.9638,0.9880,0.9975
CustSpotlight_graphic,graphic,bicubic,HEART-fp16-64-t256o64,23.25,2.9995,58.97,41.17,0.9967,0.9828,0.9088,0.9246,0.9638,0.9880,0.9975
CustSpotlight_graphic,graphic,bicubic,HEART-fp16-64-t384o32,22.89,3.0026,58.94,41.18,0.9966,0.9765,0.9083,0.9244,0.9636,0.9880,0.9975
CustSpotlight_graphic,graphic,bicubic,HEART-fp16-64-t384o64,22.90,3.0036,58.94,41.18,0.9966,0.9766,0.9083,0.9244,0.9636,0.9880,0.9975
CustSpotlight_graphic,graphic,bicubic,HEART-fp16-64-t512o32,22.68,3.0096,58.92,41.18,0.9965,0.9742,0.9081,0.9242,0.9635,0.9880,0.9975
CustSpotlight_graphic,graphic,bicubic,HEART-fp16-64-t512o64,22.68,3.0096,58.92,41.18,0.9965,0.9742,0.9081,0.9242,0.9635,0.9880,0.9975
CustSpotlight_graphic,graphic,bicubic,HEART-fp16-64-whole,22.68,3.0096,58.92,41.18,0.9965,0.9742,0.9081,0.9242,0.9635,0.9880,0.9975
CustSpotlight_graphic,graphic,bicubic,HEART-fp16r-64-whole,22.66,2.9997,58.91,41.14,0.9965,0.9743,0.9082,0.9242,0.9635,0.9880,0.9975
CustSpotlight_graphic,graphic,bicubic,HEART-fp32-64-whole,22.66,2.9970,58.91,41.17,0.9965,0.9743,0.9082,0.9242,0.9635,0.9880,0.9975
CustSpotlight_graphic,graphic,bicubic,REFERENCE,100.00,2.3703,58.83,31.65,0.9859,0.9452,nan,nan,nan,nan,nan
CustSpotlight_graphic,graphic,lanczos,HEART-fp16-64-t256o32,60.22,2.9776,58.86,39.24,0.9962,0.9885,0.9683,0.9837,0.9972,0.9995,0.9999
CustSpotlight_graphic,graphic,lanczos,HEART-fp16-64-t256o64,60.24,2.9797,58.86,39.22,0.9962,0.9881,0.9683,0.9837,0.9972,0.9995,0.9999
CustSpotlight_graphic,graphic,lanczos,HEART-fp16-64-t384o32,60.27,2.9706,58.83,39.17,0.9962,0.9857,0.9686,0.9838,0.9973,0.9995,0.9999
CustSpotlight_graphic,graphic,lanczos,HEART-fp16-64-t384o64,60.29,2.9714,58.83,39.17,0.9962,0.9859,0.9685,0.9838,0.9973,0.9995,0.9999
CustSpotlight_graphic,graphic,lanczos,HEART-fp16-64-t512o32,60.02,2.9719,58.82,39.13,0.9962,0.9852,0.9684,0.9837,0.9972,0.9995,0.9999
CustSpotlight_graphic,graphic,lanczos,HEART-fp16-64-t512o64,60.02,2.9719,58.82,39.13,0.9962,0.9852,0.9684,0.9837,0.9972,0.9995,0.9999
CustSpotlight_graphic,graphic,lanczos,HEART-fp16-64-whole,60.02,2.9718,58.82,39.13,0.9962,0.9852,0.9684,0.9837,0.9972,0.9995,0.9999
CustSpotlight_graphic,graphic,lanczos,HEART-fp16r-64-whole,60.05,2.9623,58.81,39.10,0.9962,0.9852,0.9685,0.9837,0.9972,0.9995,0.9999
CustSpotlight_graphic,graphic,lanczos,HEART-fp32-64-whole,60.06,2.9594,58.81,39.11,0.9962,0.9853,0.9685,0.9837,0.9972,0.9995,0.9999
CustSpotlight_graphic,graphic,lanczos,REFERENCE,100.00,2.3703,58.83,39.23,0.9968,0.9876,nan,nan,nan,nan,nan
CustSpotlight_graphic,graphic,jpeg,HEART-fp16-64-t256o32,9.20,2.6095,57.67,34.65,0.9776,0.9395,0.9156,0.9209,0.9529,0.9835,0.9967
CustSpotlight_graphic,graphic,jpeg,HEART-fp16-64-t256o64,9.23,2.6082,57.67,34.64,0.9775,0.9390,0.9157,0.9210,0.9529,0.9835,0.9967
CustSpotlight_graphic,graphic,jpeg,HEART-fp16-64-t384o32,9.38,2.6095,57.65,34.79,0.9782,0.9428,0.9160,0.9215,0.9533,0.9837,0.9967
CustSpotlight_graphic,graphic,jpeg,HEART-fp16-64-t384o64,9.37,2.6108,57.65,34.77,0.9782,0.9428,0.9159,0.9215,0.9532,0.9837,0.9967
CustSpotlight_graphic,graphic,jpeg,HEART-fp16-64-t512o32,9.19,2.6211,57.67,34.81,0.9782,0.9445,0.9158,0.9216,0.9533,0.9836,0.9967
CustSpotlight_graphic,graphic,jpeg,HEART-fp16-64-t512o64,9.19,2.6211,57.67,34.81,0.9782,0.9445,0.9158,0.9216,0.9533,0.9836,0.9967
CustSpotlight_graphic,graphic,jpeg,HEART-fp16-64-whole,9.19,2.6211,57.67,34.81,0.9782,0.9445,0.9158,0.9216,0.9533,0.9836,0.9967
CustSpotlight_graphic,graphic,jpeg,HEART-fp16r-64-whole,9.24,2.6194,57.67,34.81,0.9782,0.9445,0.9158,0.9216,0.9533,0.9836,0.9967
CustSpotlight_graphic,graphic,jpeg,HEART-fp32-64-whole,9.24,2.6154,57.66,34.81,0.9782,0.9445,0.9159,0.9216,0.9533,0.9836,0.9967
CustSpotlight_graphic,graphic,jpeg,REFERENCE,100.00,2.3703,58.83,30.11,0.9568,0.8425,nan,nan,nan,nan,nan
FisherPaykel_photo,photo,bicubic,HEART-fp16-64-t256o32,13.37,2.8638,86.55,44.07,0.9972,0.9887,0.7882,0.8612,0.9681,0.9877,0.9971
FisherPaykel_photo,photo,bicubic,HEART-fp16-64-t256o64,13.44,2.8722,86.56,44.12,0.9973,0.9887,0.7882,0.8614,0.9682,0.9877,0.9971
FisherPaykel_photo,photo,bicubic,HEART-fp16-64-t384o32,13.58,2.8975,86.58,44.19,0.9974,0.9899,0.7880,0.8616,0.9684,0.9878,0.9971
FisherPaykel_photo,photo,bicubic,HEART-fp16-64-t384o64,13.58,2.8961,86.58,44.21,0.9974,0.9899,0.7880,0.8616,0.9684,0.9878,0.9971
FisherPaykel_photo,photo,bicubic,HEART-fp16-64-t512o32,13.39,2.9066,86.61,44.07,0.9973,0.9915,0.7878,0.8610,0.9681,0.9877,0.9971
FisherPaykel_photo,photo,bicubic,HEART-fp16-64-t512o64,13.39,2.9066,86.61,44.07,0.9973,0.9915,0.7878,0.8610,0.9681,0.9877,0.9971
FisherPaykel_photo,photo,bicubic,HEART-fp16-64-whole,13.39,2.9066,86.61,44.07,0.9973,0.9915,0.7878,0.8610,0.9681,0.9877,0.9971
FisherPaykel_photo,photo,bicubic,HEART-fp16r-64-whole,13.41,2.9054,86.60,44.07,0.9974,0.9916,0.7878,0.8610,0.9681,0.9877,0.9971
FisherPaykel_photo,photo,bicubic,HEART-fp32-64-whole,13.40,2.9101,86.62,44.12,0.9974,0.9916,0.7877,0.8610,0.9681,0.9877,0.9971
FisherPaykel_photo,photo,bicubic,REFERENCE,100.00,5.6197,87.15,33.88,0.9797,0.9197,nan,nan,nan,nan,nan
FisherPaykel_photo,photo,lanczos,HEART-fp16-64-t256o32,34.10,2.8628,86.48,41.52,0.9964,0.9857,0.8128,0.8921,0.9906,0.9968,0.9995
FisherPaykel_photo,photo,lanczos,HEART-fp16-64-t256o64,34.15,2.8710,86.48,41.56,0.9964,0.9857,0.8128,0.8922,0.9907,0.9968,0.9995
FisherPaykel_photo,photo,lanczos,HEART-fp16-64-t384o32,34.25,2.9071,86.51,41.62,0.9967,0.9873,0.8124,0.8925,0.9909,0.9969,0.9995
FisherPaykel_photo,photo,lanczos,HEART-fp16-64-t384o64,34.26,2.9060,86.50,41.61,0.9967,0.9873,0.8124,0.8925,0.9909,0.9969,0.9995
FisherPaykel_photo,photo,lanczos,HEART-fp16-64-t512o32,34.24,2.9089,86.52,41.63,0.9967,0.9891,0.8126,0.8924,0.9909,0.9969,0.9995
FisherPaykel_photo,photo,lanczos,HEART-fp16-64-t512o64,34.24,2.9089,86.52,41.63,0.9967,0.9891,0.8126,0.8924,0.9909,0.9969,0.9995
FisherPaykel_photo,photo,lanczos,HEART-fp16-64-whole,34.24,2.9089,86.52,41.63,0.9967,0.9891,0.8126,0.8924,0.9909,0.9969,0.9995
FisherPaykel_photo,photo,lanczos,HEART-fp16r-64-whole,34.26,2.9072,86.52,41.62,0.9968,0.9891,0.8126,0.8923,0.9909,0.9969,0.9995
FisherPaykel_photo,photo,lanczos,HEART-fp32-64-whole,34.26,2.9120,86.53,41.66,0.9968,0.9892,0.8125,0.8923,0.9909,0.9969,0.9995
FisherPaykel_photo,photo,lanczos,REFERENCE,100.00,5.6197,87.15,41.00,0.9916,0.9244,nan,nan,nan,nan,nan
FisherPaykel_photo,photo,jpeg,HEART-fp16-64-t256o32,-6.84,2.2947,86.29,37.13,0.9765,0.9491,0.7944,0.8446,0.9360,0.9768,0.9951
FisherPaykel_photo,photo,jpeg,HEART-fp16-64-t256o64,-6.82,2.2980,86.30,37.08,0.9764,0.9500,0.7944,0.8446,0.9360,0.9768,0.9951
FisherPaykel_photo,photo,jpeg,HEART-fp16-64-t384o32,-6.89,2.3013,86.34,37.12,0.9766,0.9498,0.7942,0.8444,0.9360,0.9768,0.9951
FisherPaykel_photo,photo,jpeg,HEART-fp16-64-t384o64,-6.89,2.3017,86.34,37.11,0.9766,0.9498,0.7942,0.8444,0.9360,0.9768,0.9951
FisherPaykel_photo,photo,jpeg,HEART-fp16-64-t512o32,-6.90,2.3023,86.36,37.19,0.9773,0.9519,0.7942,0.8442,0.9359,0.9768,0.9951
FisherPaykel_photo,photo,jpeg,HEART-fp16-64-t512o64,-6.90,2.3023,86.36,37.19,0.9773,0.9519,0.7942,0.8442,0.9359,0.9768,0.9951
FisherPaykel_photo,photo,jpeg,HEART-fp16-64-whole,-6.90,2.3023,86.36,37.19,0.9773,0.9519,0.7942,0.8442,0.9359,0.9768,0.9951
FisherPaykel_photo,photo,jpeg,HEART-fp16r-64-whole,-6.89,2.3012,86.36,37.19,0.9774,0.9526,0.7942,0.8442,0.9359,0.9768,0.9951
FisherPaykel_photo,photo,jpeg,HEART-fp32-64-whole,-6.89,2.3005,86.38,37.20,0.9774,0.9528,0.7942,0.8442,0.9359,0.9768,0.9951
FisherPaykel_photo,photo,jpeg,REFERENCE,100.00,5.6197,87.15,31.81,0.9365,0.8441,nan,nan,nan,nan,nan
KEYNOTE_graphic,graphic,bicubic,HEART-fp16-64-t256o32,29.29,2.3278,55.52,42.50,0.9972,0.9865,0.9358,0.9478,0.9749,0.9913,0.9981
KEYNOTE_graphic,graphic,bicubic,HEART-fp16-64-t256o64,29.28,2.3319,55.53,42.50,0.9972,0.9863,0.9357,0.9478,0.9749,0.9913,0.9981
KEYNOTE_graphic,graphic,bicubic,HEART-fp16-64-t384o32,29.01,2.3302,55.52,42.51,0.9971,0.9835,0.9353,0.9476,0.9748,0.9913,0.9981
KEYNOTE_graphic,graphic,bicubic,HEART-fp16-64-t384o64,29.01,2.3309,55.52,42.51,0.9971,0.9836,0.9353,0.9476,0.9748,0.9913,0.9981
KEYNOTE_graphic,graphic,bicubic,HEART-fp16-64-t512o32,28.97,2.3305,55.48,42.49,0.9971,0.9831,0.9351,0.9475,0.9748,0.9913,0.9981
KEYNOTE_graphic,graphic,bicubic,HEART-fp16-64-t512o64,28.97,2.3305,55.48,42.49,0.9971,0.9831,0.9351,0.9475,0.9748,0.9913,0.9981
KEYNOTE_graphic,graphic,bicubic,HEART-fp16-64-whole,28.97,2.3305,55.48,42.49,0.9971,0.9831,0.9351,0.9475,0.9748,0.9913,0.9981
KEYNOTE_graphic,graphic,bicubic,HEART-fp16r-64-whole,28.96,2.3210,55.48,42.45,0.9971,0.9831,0.9352,0.9475,0.9748,0.9913,0.9981
KEYNOTE_graphic,graphic,bicubic,HEART-fp32-64-whole,28.95,2.3178,55.47,42.48,0.9971,0.9831,0.9352,0.9475,0.9748,0.9913,0.9981
KEYNOTE_graphic,graphic,bicubic,REFERENCE,100.00,1.7420,55.48,34.17,0.9890,0.9363,nan,nan,nan,nan,nan
KEYNOTE_graphic,graphic,lanczos,HEART-fp16-64-t256o32,61.15,2.3105,55.48,40.34,0.9967,0.9886,0.9749,0.9881,0.9978,0.9996,0.9998
KEYNOTE_graphic,graphic,lanczos,HEART-fp16-64-t256o64,61.13,2.3124,55.48,40.35,0.9967,0.9886,0.9749,0.9882,0.9978,0.9996,0.9998
KEYNOTE_graphic,graphic,lanczos,HEART-fp16-64-t384o32,61.46,2.2905,55.45,40.33,0.9967,0.9879,0.9756,0.9885,0.9978,0.9996,0.9998
KEYNOTE_graphic,graphic,lanczos,HEART-fp16-64-t384o64,61.46,2.2913,55.45,40.34,0.9967,0.9881,0.9755,0.9885,0.9978,0.9996,0.9998
KEYNOTE_graphic,graphic,lanczos,HEART-fp16-64-t512o32,60.93,2.2989,55.45,40.26,0.9966,0.9864,0.9751,0.9881,0.9977,0.9996,0.9998
KEYNOTE_graphic,graphic,lanczos,HEART-fp16-64-t512o64,60.93,2.2989,55.45,40.26,0.9966,0.9864,0.9751,0.9881,0.9977,0.9996,0.9998
KEYNOTE_graphic,graphic,lanczos,HEART-fp16-64-whole,60.93,2.2989,55.45,40.26,0.9966,0.9864,0.9751,0.9881,0.9977,0.9996,0.9998
KEYNOTE_graphic,graphic,lanczos,HEART-fp16r-64-whole,60.94,2.2917,55.44,40.23,0.9966,0.9864,0.9752,0.9881,0.9977,0.9996,0.9998
KEYNOTE_graphic,graphic,lanczos,HEART-fp32-64-whole,60.94,2.2885,55.44,40.25,0.9966,0.9863,0.9752,0.9881,0.9977,0.9996,0.9998
KEYNOTE_graphic,graphic,lanczos,REFERENCE,100.00,1.7420,55.48,40.37,0.9975,0.9911,nan,nan,nan,nan,nan
KEYNOTE_graphic,graphic,jpeg,HEART-fp16-64-t256o32,14.23,2.0702,54.71,36.20,0.9834,0.9455,0.9435,0.9457,0.9656,0.9867,0.9973
KEYNOTE_graphic,graphic,jpeg,HEART-fp16-64-t256o64,14.31,2.0754,54.73,36.18,0.9835,0.9455,0.9436,0.9458,0.9657,0.9867,0.9973
KEYNOTE_graphic,graphic,jpeg,HEART-fp16-64-t384o32,14.26,2.0758,54.70,36.28,0.9838,0.9475,0.9435,0.9460,0.9658,0.9867,0.9973
KEYNOTE_graphic,graphic,jpeg,HEART-fp16-64-t384o64,14.27,2.0769,54.70,36.27,0.9838,0.9474,0.9435,0.9460,0.9658,0.9867,0.9973
KEYNOTE_graphic,graphic,jpeg,HEART-fp16-64-t512o32,14.04,2.0706,54.70,36.35,0.9839,0.9475,0.9438,0.9462,0.9658,0.9867,0.9973
KEYNOTE_graphic,graphic,jpeg,HEART-fp16-64-t512o64,14.04,2.0706,54.70,36.35,0.9839,0.9475,0.9438,0.9462,0.9658,0.9867,0.9973
KEYNOTE_graphic,graphic,jpeg,HEART-fp16-64-whole,14.04,2.0706,54.70,36.35,0.9839,0.9475,0.9438,0.9462,0.9658,0.9867,0.9973
KEYNOTE_graphic,graphic,jpeg,HEART-fp16r-64-whole,14.07,2.0661,54.69,36.35,0.9839,0.9475,0.9438,0.9462,0.9658,0.9867,0.9973
KEYNOTE_graphic,graphic,jpeg,HEART-fp32-64-whole,14.09,2.0597,54.68,36.36,0.9839,0.9475,0.9439,0.9462,0.9658,0.9867,0.9973
KEYNOTE_graphic,graphic,jpeg,REFERENCE,100.00,1.7420,55.48,32.21,0.9657,0.8371,nan,nan,nan,nan,nan
Kelloggs_photo,photo,bicubic,HEART-fp16-64-t256o32,6.01,3.3975,87.79,43.23,0.9955,0.9789,0.7927,0.8332,0.9574,0.9852,0.9974
Kelloggs_photo,photo,bicubic,HEART-fp16-64-t256o64,6.25,3.3959,87.79,43.39,0.9959,0.9812,0.7929,0.8335,0.9579,0.9853,0.9974
Kelloggs_photo,photo,bicubic,HEART-fp16-64-t384o32,6.56,3.4895,87.83,43.52,0.9964,0.9919,0.7918,0.8338,0.9589,0.9855,0.9974
Kelloggs_photo,photo,bicubic,HEART-fp16-64-t384o64,6.58,3.4867,87.82,43.53,0.9964,0.9920,0.7918,0.8338,0.9589,0.9855,0.9974
Kelloggs_photo,photo,bicubic,HEART-fp16-64-t512o32,6.08,3.5904,87.88,43.20,0.9958,0.9901,0.7899,0.8331,0.9579,0.9854,0.9974
Kelloggs_photo,photo,bicubic,HEART-fp16-64-t512o64,6.08,3.5904,87.88,43.20,0.9958,0.9901,0.7899,0.8331,0.9579,0.9854,0.9974
Kelloggs_photo,photo,bicubic,HEART-fp16-64-whole,6.08,3.5904,87.88,43.20,0.9958,0.9901,0.7899,0.8331,0.9579,0.9854,0.9974
Kelloggs_photo,photo,bicubic,HEART-fp16r-64-whole,6.08,3.5889,87.87,43.20,0.9958,0.9901,0.7900,0.8330,0.9579,0.9854,0.9974
Kelloggs_photo,photo,bicubic,HEART-fp32-64-whole,6.08,3.5930,87.89,43.25,0.9959,0.9901,0.7899,0.8331,0.9579,0.9854,0.9974
Kelloggs_photo,photo,bicubic,REFERENCE,100.00,5.5053,88.44,32.32,0.9752,0.9353,nan,nan,nan,nan,nan
Kelloggs_photo,photo,lanczos,HEART-fp16-64-t256o32,25.90,3.3976,87.69,41.01,0.9943,0.9695,0.8223,0.8722,0.9864,0.9951,0.9994
Kelloggs_photo,photo,lanczos,HEART-fp16-64-t256o64,26.25,3.3983,87.68,41.09,0.9948,0.9722,0.8224,0.8725,0.9869,0.9952,0.9994
Kelloggs_photo,photo,lanczos,HEART-fp16-64-t384o32,27.00,3.4976,87.72,41.21,0.9958,0.9900,0.8208,0.8730,0.9882,0.9955,0.9994
Kelloggs_photo,photo,lanczos,HEART-fp16-64-t384o64,27.01,3.4955,87.72,41.21,0.9958,0.9897,0.8209,0.8731,0.9882,0.9955,0.9994
Kelloggs_photo,photo,lanczos,HEART-fp16-64-t512o32,26.88,3.5798,87.76,41.21,0.9958,0.9917,0.8196,0.8729,0.9881,0.9955,0.9993
Kelloggs_photo,photo,lanczos,HEART-fp16-64-t512o64,26.88,3.5798,87.76,41.21,0.9958,0.9917,0.8196,0.8729,0.9881,0.9955,0.9993
Kelloggs_photo,photo,lanczos,HEART-fp16-64-whole,26.88,3.5798,87.76,41.21,0.9958,0.9917,0.8196,0.8729,0.9881,0.9955,0.9993
Kelloggs_photo,photo,lanczos,HEART-fp16r-64-whole,26.91,3.5787,87.75,41.20,0.9959,0.9917,0.8196,0.8729,0.9881,0.9955,0.9994
Kelloggs_photo,photo,lanczos,HEART-fp32-64-whole,26.91,3.5826,87.77,41.24,0.9959,0.9917,0.8195,0.8729,0.9881,0.9955,0.9994
Kelloggs_photo,photo,lanczos,REFERENCE,100.00,5.5053,88.44,40.18,0.9900,0.9410,nan,nan,nan,nan,nan
Kelloggs_photo,photo,jpeg,HEART-fp16-64-t256o32,-20.32,2.4704,87.50,36.27,0.9715,0.9210,0.8003,0.8093,0.9038,0.9689,0.9950
Kelloggs_photo,photo,jpeg,HEART-fp16-64-t256o64,-20.22,2.4643,87.50,36.30,0.9716,0.9218,0.8003,0.8094,0.9039,0.9691,0.9950
Kelloggs_photo,photo,jpeg,HEART-fp16-64-t384o32,-19.99,2.4715,87.59,36.38,0.9725,0.9226,0.8003,0.8094,0.9042,0.9694,0.9950
Kelloggs_photo,photo,jpeg,HEART-fp16-64-t384o64,-19.99,2.4717,87.58,36.37,0.9725,0.9225,0.8003,0.8094,0.9042,0.9694,0.9950
Kelloggs_photo,photo,jpeg,HEART-fp16-64-t512o32,-19.91,2.4701,87.59,36.47,0.9736,0.9203,0.8003,0.8093,0.9043,0.9696,0.9950
Kelloggs_photo,photo,jpeg,HEART-fp16-64-t512o64,-19.91,2.4701,87.59,36.47,0.9736,0.9203,0.8003,0.8093,0.9043,0.9696,0.9950
Kelloggs_photo,photo,jpeg,HEART-fp16-64-whole,-19.91,2.4701,87.59,36.47,0.9736,0.9203,0.8003,0.8093,0.9043,0.9696,0.9950
Kelloggs_photo,photo,jpeg,HEART-fp16r-64-whole,-19.90,2.4694,87.59,36.48,0.9737,0.9218,0.8003,0.8093,0.9043,0.9696,0.9950
Kelloggs_photo,photo,jpeg,HEART-fp32-64-whole,-19.89,2.4687,87.61,36.48,0.9737,0.9222,0.8003,0.8093,0.9043,0.9697,0.9950
Kelloggs_photo,photo,jpeg,REFERENCE,100.00,5.5053,88.44,30.46,0.9162,0.7722,nan,nan,nan,nan,nan
PubSec_graphic,graphic,bicubic,HEART-fp16-64-t256o32,37.03,1.7012,45.69,43.92,0.9973,0.9840,0.9469,0.9578,0.9812,0.9935,0.9986
PubSec_graphic,graphic,bicubic,HEART-fp16-64-t256o64,36.97,1.7087,45.70,43.88,0.9973,0.9829,0.9468,0.9577,0.9812,0.9934,0.9986
PubSec_graphic,graphic,bicubic,HEART-fp16-64-t384o32,36.48,1.7160,45.69,43.86,0.9972,0.9781,0.9466,0.9576,0.9811,0.9935,0.9986
PubSec_graphic,graphic,bicubic,HEART-fp16-64-t384o64,36.49,1.7166,45.69,43.87,0.9972,0.9784,0.9466,0.9576,0.9811,0.9935,0.9986
PubSec_graphic,graphic,bicubic,HEART-fp16-64-t512o32,36.11,1.7131,45.68,43.80,0.9972,0.9770,0.9467,0.9575,0.9810,0.9935,0.9986
PubSec_graphic,graphic,bicubic,HEART-fp16-64-t512o64,36.11,1.7131,45.68,43.80,0.9972,0.9770,0.9467,0.9575,0.9810,0.9935,0.9986
PubSec_graphic,graphic,bicubic,HEART-fp16-64-whole,36.11,1.7131,45.68,43.80,0.9972,0.9770,0.9467,0.9575,0.9810,0.9935,0.9986
PubSec_graphic,graphic,bicubic,HEART-fp16r-64-whole,36.12,1.7101,45.68,43.76,0.9971,0.9770,0.9468,0.9575,0.9810,0.9935,0.9986
PubSec_graphic,graphic,bicubic,HEART-fp32-64-whole,36.13,1.7085,45.67,43.81,0.9971,0.9770,0.9468,0.9575,0.9810,0.9935,0.9986
PubSec_graphic,graphic,bicubic,REFERENCE,100.00,1.2885,45.72,36.21,0.9920,0.9452,nan,nan,nan,nan,nan
PubSec_graphic,graphic,lanczos,HEART-fp16-64-t256o32,59.81,1.7065,45.71,41.90,0.9972,0.9882,0.9724,0.9839,0.9971,0.9994,0.9998
PubSec_graphic,graphic,lanczos,HEART-fp16-64-t256o64,59.86,1.7133,45.71,41.90,0.9972,0.9877,0.9724,0.9839,0.9971,0.9994,0.9998
PubSec_graphic,graphic,lanczos,HEART-fp16-64-t384o32,60.00,1.7090,45.70,41.89,0.9972,0.9852,0.9728,0.9842,0.9973,0.9995,0.9998
PubSec_graphic,graphic,lanczos,HEART-fp16-64-t384o64,60.06,1.7097,45.70,41.89,0.9972,0.9855,0.9728,0.9842,0.9973,0.9995,0.9998
PubSec_graphic,graphic,lanczos,HEART-fp16-64-t512o32,59.01,1.7054,45.70,41.84,0.9971,0.9844,0.9727,0.9839,0.9972,0.9995,0.9998
PubSec_graphic,graphic,lanczos,HEART-fp16-64-t512o64,59.01,1.7054,45.70,41.84,0.9971,0.9844,0.9727,0.9839,0.9972,0.9995,0.9998
PubSec_graphic,graphic,lanczos,HEART-fp16-64-whole,59.01,1.7054,45.70,41.84,0.9971,0.9844,0.9727,0.9839,0.9972,0.9995,0.9998
PubSec_graphic,graphic,lanczos,HEART-fp16r-64-whole,59.03,1.7039,45.70,41.82,0.9971,0.9844,0.9727,0.9839,0.9972,0.9995,0.9998
PubSec_graphic,graphic,lanczos,HEART-fp32-64-whole,59.03,1.7020,45.70,41.84,0.9971,0.9844,0.9727,0.9839,0.9972,0.9995,0.9998
PubSec_graphic,graphic,lanczos,REFERENCE,100.00,1.2885,45.72,42.08,0.9979,0.9876,nan,nan,nan,nan,nan
PubSec_graphic,graphic,jpeg,HEART-fp16-64-t256o32,17.32,1.4214,45.12,37.53,0.9853,0.9396,0.9523,0.9536,0.9703,0.9885,0.9977
PubSec_graphic,graphic,jpeg,HEART-fp16-64-t256o64,17.41,1.4253,45.12,37.50,0.9851,0.9391,0.9523,0.9537,0.9704,0.9885,0.9977
PubSec_graphic,graphic,jpeg,HEART-fp16-64-t384o32,17.73,1.4084,45.07,37.86,0.9861,0.9451,0.9526,0.9543,0.9707,0.9887,0.9979
PubSec_graphic,graphic,jpeg,HEART-fp16-64-t384o64,17.74,1.4094,45.07,37.85,0.9861,0.9451,0.9526,0.9543,0.9707,0.9887,0.9979
PubSec_graphic,graphic,jpeg,HEART-fp16-64-t512o32,17.27,1.4221,45.07,37.93,0.9863,0.9500,0.9525,0.9541,0.9704,0.9886,0.9979
PubSec_graphic,graphic,jpeg,HEART-fp16-64-t512o64,17.27,1.4221,45.07,37.93,0.9863,0.9500,0.9525,0.9541,0.9704,0.9886,0.9979
PubSec_graphic,graphic,jpeg,HEART-fp16-64-whole,17.27,1.4221,45.07,37.93,0.9863,0.9500,0.9525,0.9541,0.9704,0.9886,0.9979
PubSec_graphic,graphic,jpeg,HEART-fp16r-64-whole,17.30,1.4092,45.06,37.91,0.9864,0.9500,0.9526,0.9542,0.9704,0.9886,0.9979
PubSec_graphic,graphic,jpeg,HEART-fp32-64-whole,17.31,1.4015,45.06,37.92,0.9864,0.9500,0.9526,0.9542,0.9705,0.9886,0.9979
PubSec_graphic,graphic,jpeg,REFERENCE,100.00,1.2885,45.72,33.91,0.9692,0.8425,nan,nan,nan,nan,nan
RBC_photo,photo,bicubic,HEART-fp16-64-t256o32,-17.01,4.2304,89.88,43.17,0.9957,0.9842,0.7134,0.7736,0.9351,0.9832,0.9969
RBC_photo,photo,bicubic,HEART-fp16-64-t256o64,-16.96,4.2191,89.87,43.18,0.9958,0.9842,0.7136,0.7738,0.9352,0.9832,0.9969
RBC_photo,photo,bicubic,HEART-fp16-64-t384o32,-16.83,4.3080,89.94,43.06,0.9949,0.9837,0.7137,0.7743,0.9351,0.9831,0.9968
RBC_photo,photo,bicubic,HEART-fp16-64-t384o64,-16.83,4.3052,89.93,43.07,0.9950,0.9859,0.7137,0.7743,0.9351,0.9831,0.9968
RBC_photo,photo,bicubic,HEART-fp16-64-t512o32,-17.18,4.4153,90.03,42.73,0.9938,0.9778,0.7124,0.7740,0.9340,0.9829,0.9966
RBC_photo,photo,bicubic,HEART-fp16-64-t512o64,-17.18,4.4153,90.03,42.73,0.9938,0.9778,0.7124,0.7740,0.9340,0.9829,0.9966
RBC_photo,photo,bicubic,HEART-fp16-64-whole,-17.18,4.4153,90.03,42.73,0.9938,0.9778,0.7124,0.7740,0.9340,0.9829,0.9966
RBC_photo,photo,bicubic,HEART-fp16r-64-whole,-17.18,4.4131,90.01,42.71,0.9938,0.9778,0.7125,0.7740,0.9340,0.9829,0.9967
RBC_photo,photo,bicubic,HEART-fp32-64-whole,-17.18,4.4157,90.02,42.74,0.9939,0.9778,0.7124,0.7740,0.9340,0.9829,0.9967
RBC_photo,photo,bicubic,REFERENCE,100.00,7.6074,90.86,32.52,0.9562,0.7446,nan,nan,nan,nan,nan
RBC_photo,photo,lanczos,HEART-fp16-64-t256o32,11.52,4.2009,89.78,40.27,0.9943,0.9816,0.7492,0.8251,0.9805,0.9958,0.9994
RBC_photo,photo,lanczos,HEART-fp16-64-t256o64,11.65,4.1922,89.77,40.23,0.9943,0.9821,0.7494,0.8252,0.9806,0.9959,0.9994
RBC_photo,photo,lanczos,HEART-fp16-64-t384o32,13.07,4.2780,89.82,40.28,0.9944,0.9873,0.7493,0.8265,0.9815,0.9960,0.9993
RBC_photo,photo,lanczos,HEART-fp16-64-t384o64,13.04,4.2755,89.81,40.29,0.9944,0.9873,0.7493,0.8265,0.9815,0.9960,0.9993
RBC_photo,photo,lanczos,HEART-fp16-64-t512o32,13.54,4.3643,89.89,40.39,0.9940,0.9844,0.7488,0.8272,0.9815,0.9959,0.9992
RBC_photo,photo,lanczos,HEART-fp16-64-t512o64,13.54,4.3643,89.89,40.39,0.9940,0.9844,0.7488,0.8272,0.9815,0.9959,0.9992
RBC_photo,photo,lanczos,HEART-fp16-64-whole,13.54,4.3643,89.89,40.39,0.9940,0.9844,0.7488,0.8272,0.9815,0.9959,0.9992
RBC_photo,photo,lanczos,HEART-fp16r-64-whole,13.54,4.3621,89.87,40.38,0.9941,0.9852,0.7488,0.8272,0.9815,0.9959,0.9992
RBC_photo,photo,lanczos,HEART-fp32-64-whole,13.54,4.3646,89.89,40.39,0.9941,0.9855,0.7488,0.8272,0.9815,0.9959,0.9992
RBC_photo,photo,lanczos,REFERENCE,100.00,7.6074,90.86,38.82,0.9834,0.8831,nan,nan,nan,nan,nan
RBC_photo,photo,jpeg,HEART-fp16-64-t256o32,-45.73,2.7708,89.64,36.29,0.9686,0.9356,0.7194,0.7352,0.8531,0.9610,0.9937
RBC_photo,photo,jpeg,HEART-fp16-64-t256o64,-45.71,2.7737,89.65,36.27,0.9687,0.9365,0.7194,0.7353,0.8532,0.9610,0.9937
RBC_photo,photo,jpeg,HEART-fp16-64-t384o32,-45.60,2.7938,89.70,36.25,0.9694,0.9338,0.7193,0.7353,0.8534,0.9609,0.9937
RBC_photo,photo,jpeg,HEART-fp16-64-t384o64,-45.60,2.7938,89.69,36.25,0.9693,0.9335,0.7193,0.7353,0.8534,0.9609,0.9937
RBC_photo,photo,jpeg,HEART-fp16-64-t512o32,-45.64,2.8206,89.77,36.11,0.9691,0.9341,0.7190,0.7352,0.8533,0.9606,0.9936
RBC_photo,photo,jpeg,HEART-fp16-64-t512o64,-45.64,2.8206,89.77,36.11,0.9691,0.9341,0.7190,0.7352,0.8533,0.9606,0.9936
RBC_photo,photo,jpeg,HEART-fp16-64-whole,-45.64,2.8206,89.77,36.11,0.9691,0.9341,0.7190,0.7352,0.8533,0.9606,0.9936
RBC_photo,photo,jpeg,HEART-fp16r-64-whole,-45.64,2.8214,89.76,36.11,0.9692,0.9350,0.7190,0.7352,0.8533,0.9606,0.9937
RBC_photo,photo,jpeg,HEART-fp32-64-whole,-45.64,2.8200,89.76,36.11,0.9693,0.9352,0.7190,0.7352,0.8533,0.9606,0.9937
RBC_photo,photo,jpeg,REFERENCE,100.00,7.6074,90.86,30.12,0.8727,0.5258,nan,nan,nan,nan,nan
SNS_graphic,graphic,bicubic,HEART-fp16-64-t256o32,38.51,1.3846,41.37,44.96,0.9978,0.9872,0.9602,0.9663,0.9847,0.9947,0.9988
SNS_graphic,graphic,bicubic,HEART-fp16-64-t256o64,38.50,1.3900,41.38,44.93,0.9977,0.9863,0.9601,0.9663,0.9847,0.9947,0.9988
SNS_graphic,graphic,bicubic,HEART-fp16-64-t384o32,38.01,1.3913,41.37,44.85,0.9977,0.9849,0.9599,0.9659,0.9845,0.9946,0.9988
SNS_graphic,graphic,bicubic,HEART-fp16-64-t384o64,38.02,1.3915,41.37,44.85,0.9977,0.9852,0.9599,0.9659,0.9845,0.9946,0.9988
SNS_graphic,graphic,bicubic,HEART-fp16-64-t512o32,37.91,1.3843,41.36,44.85,0.9977,0.9844,0.9600,0.9660,0.9845,0.9947,0.9988
SNS_graphic,graphic,bicubic,HEART-fp16-64-t512o64,37.91,1.3843,41.36,44.85,0.9977,0.9844,0.9600,0.9660,0.9845,0.9947,0.9988
SNS_graphic,graphic,bicubic,HEART-fp16-64-whole,37.91,1.3843,41.36,44.85,0.9977,0.9844,0.9600,0.9660,0.9845,0.9947,0.9988
SNS_graphic,graphic,bicubic,HEART-fp16r-64-whole,37.90,1.3841,41.35,44.82,0.9977,0.9844,0.9600,0.9659,0.9845,0.9947,0.9988
SNS_graphic,graphic,bicubic,HEART-fp32-64-whole,37.91,1.3820,41.35,44.89,0.9977,0.9844,0.9600,0.9659,0.9845,0.9947,0.9988
SNS_graphic,graphic,bicubic,REFERENCE,100.00,0.9618,41.33,37.98,0.9927,0.9363,nan,nan,nan,nan,nan
SNS_graphic,graphic,lanczos,HEART-fp16-64-t256o32,62.17,1.4004,41.41,43.05,0.9976,0.9877,0.9789,0.9882,0.9978,0.9996,0.9998
SNS_graphic,graphic,lanczos,HEART-fp16-64-t256o64,62.17,1.4057,41.42,43.05,0.9976,0.9870,0.9789,0.9882,0.9977,0.9996,0.9998
SNS_graphic,graphic,lanczos,HEART-fp16-64-t384o32,62.15,1.4038,41.41,42.98,0.9976,0.9860,0.9787,0.9880,0.9976,0.9996,0.9998
SNS_graphic,graphic,lanczos,HEART-fp16-64-t384o64,62.18,1.4043,41.41,42.98,0.9976,0.9863,0.9787,0.9880,0.9977,0.9996,0.9998
SNS_graphic,graphic,lanczos,HEART-fp16-64-t512o32,61.51,1.3892,41.40,42.96,0.9975,0.9847,0.9789,0.9879,0.9976,0.9995,0.9998
SNS_graphic,graphic,lanczos,HEART-fp16-64-t512o64,61.51,1.3892,41.40,42.96,0.9975,0.9847,0.9789,0.9879,0.9976,0.9995,0.9998
SNS_graphic,graphic,lanczos,HEART-fp16-64-whole,61.51,1.3892,41.40,42.96,0.9975,0.9847,0.9789,0.9879,0.9976,0.9995,0.9998
SNS_graphic,graphic,lanczos,HEART-fp16r-64-whole,61.53,1.3898,41.39,42.94,0.9975,0.9847,0.9789,0.9879,0.9976,0.9995,0.9998
SNS_graphic,graphic,lanczos,HEART-fp32-64-whole,61.51,1.3876,41.39,42.98,0.9975,0.9847,0.9789,0.9878,0.9976,0.9995,0.9998
SNS_graphic,graphic,lanczos,REFERENCE,100.00,0.9618,41.33,43.33,0.9985,0.9911,nan,nan,nan,nan,nan
SNS_graphic,graphic,jpeg,HEART-fp16-64-t256o32,20.40,1.1380,40.83,39.54,0.9897,0.9488,0.9687,0.9658,0.9762,0.9902,0.9978
SNS_graphic,graphic,jpeg,HEART-fp16-64-t256o64,20.35,1.1433,40.85,39.45,0.9896,0.9477,0.9687,0.9657,0.9762,0.9901,0.9978
SNS_graphic,graphic,jpeg,HEART-fp16-64-t384o32,20.07,1.1368,40.84,39.59,0.9900,0.9508,0.9689,0.9659,0.9761,0.9901,0.9978
SNS_graphic,graphic,jpeg,HEART-fp16-64-t384o64,20.07,1.1375,40.84,39.58,0.9900,0.9508,0.9689,0.9659,0.9761,0.9901,0.9978
SNS_graphic,graphic,jpeg,HEART-fp16-64-t512o32,20.01,1.1436,40.83,39.70,0.9904,0.9555,0.9690,0.9661,0.9761,0.9901,0.9978
SNS_graphic,graphic,jpeg,HEART-fp16-64-t512o64,20.01,1.1436,40.83,39.70,0.9904,0.9555,0.9690,0.9661,0.9761,0.9901,0.9978
SNS_graphic,graphic,jpeg,HEART-fp16-64-whole,20.01,1.1436,40.83,39.70,0.9904,0.9555,0.9690,0.9661,0.9761,0.9901,0.9978
SNS_graphic,graphic,jpeg,HEART-fp16r-64-whole,20.02,1.1367,40.83,39.68,0.9904,0.9555,0.9691,0.9661,0.9761,0.9901,0.9978
SNS_graphic,graphic,jpeg,HEART-fp32-64-whole,20.02,1.1302,40.82,39.70,0.9904,0.9555,0.9690,0.9662,0.9761,0.9901,0.9978
SNS_graphic,graphic,jpeg,REFERENCE,100.00,0.9618,41.33,35.56,0.9741,0.8371,nan,nan,nan,nan,nan
Unilever_photo,photo,bicubic,HEART-fp16-64-t256o32,22.58,2.5458,97.34,43.50,0.9963,0.9864,0.8802,0.9182,0.9781,0.9930,0.9976
Unilever_photo,photo,bicubic,HEART-fp16-64-t256o64,22.68,2.5398,97.33,43.57,0.9964,0.9862,0.8803,0.9184,0.9783,0.9930,0.9976
Unilever_photo,photo,bicubic,HEART-fp16-64-t384o32,23.05,2.5285,97.34,44.04,0.9961,0.9800,0.8809,0.9191,0.9788,0.9931,0.9971
Unilever_photo,photo,bicubic,HEART-fp16-64-t384o64,23.04,2.5285,97.34,44.03,0.9961,0.9805,0.8809,0.9191,0.9788,0.9931,0.9971
Unilever_photo,photo,bicubic,HEART-fp16-64-t512o32,22.53,2.5726,97.41,43.70,0.9951,0.9717,0.8802,0.9182,0.9783,0.9930,0.9965
Unilever_photo,photo,bicubic,HEART-fp16-64-t512o64,22.53,2.5726,97.41,43.70,0.9951,0.9717,0.8802,0.9182,0.9783,0.9930,0.9965
Unilever_photo,photo,bicubic,HEART-fp16-64-whole,22.53,2.5726,97.41,43.70,0.9951,0.9717,0.8802,0.9182,0.9783,0.9930,0.9965
Unilever_photo,photo,bicubic,HEART-fp16r-64-whole,22.54,2.5691,97.40,43.69,0.9953,0.9729,0.8803,0.9182,0.9783,0.9930,0.9966
Unilever_photo,photo,bicubic,HEART-fp32-64-whole,22.53,2.5720,97.40,43.72,0.9953,0.9733,0.8803,0.9182,0.9783,0.9930,0.9967
Unilever_photo,photo,bicubic,REFERENCE,100.00,3.3816,97.78,34.74,0.9881,0.9500,nan,nan,nan,nan,nan
Unilever_photo,photo,lanczos,HEART-fp16-64-t256o32,47.11,2.5560,97.25,41.40,0.9959,0.9852,0.8975,0.9418,0.9950,0.9990,0.9989
Unilever_photo,photo,lanczos,HEART-fp16-64-t256o64,47.18,2.5527,97.24,41.40,0.9959,0.9851,0.8976,0.9420,0.9950,0.9990,0.9989
Unilever_photo,photo,lanczos,HEART-fp16-64-t384o32,47.14,2.5410,97.24,41.49,0.9955,0.9788,0.8977,0.9424,0.9954,0.9991,0.9984
Unilever_photo,photo,lanczos,HEART-fp16-64-t384o64,47.14,2.5410,97.24,41.49,0.9955,0.9792,0.8977,0.9424,0.9954,0.9991,0.9984
Unilever_photo,photo,lanczos,HEART-fp16-64-t512o32,47.29,2.5816,97.31,41.53,0.9947,0.9701,0.8975,0.9420,0.9952,0.9990,0.9978
Unilever_photo,photo,lanczos,HEART-fp16-64-t512o64,47.29,2.5816,97.31,41.53,0.9947,0.9701,0.8975,0.9420,0.9952,0.9990,0.9978
Unilever_photo,photo,lanczos,HEART-fp16-64-whole,47.29,2.5816,97.31,41.53,0.9947,0.9701,0.8975,0.9420,0.9952,0.9990,0.9978
Unilever_photo,photo,lanczos,HEART-fp16r-64-whole,47.29,2.5790,97.30,41.52,0.9949,0.9711,0.8975,0.9420,0.9952,0.9990,0.9979
Unilever_photo,photo,lanczos,HEART-fp32-64-whole,47.27,2.5814,97.30,41.55,0.9950,0.9715,0.8975,0.9420,0.9952,0.9990,0.9980
Unilever_photo,photo,lanczos,REFERENCE,100.00,3.3816,97.78,41.21,0.9960,0.9862,nan,nan,nan,nan,nan
Unilever_photo,photo,jpeg,HEART-fp16-64-t256o32,3.67,2.0306,97.09,37.39,0.9757,0.9367,0.8810,0.9004,0.9511,0.9857,0.9939
Unilever_photo,photo,jpeg,HEART-fp16-64-t256o64,3.71,2.0282,97.09,37.41,0.9757,0.9394,0.8810,0.9005,0.9511,0.9857,0.9939
Unilever_photo,photo,jpeg,HEART-fp16-64-t384o32,3.86,2.0196,97.10,37.57,0.9754,0.9371,0.8813,0.9010,0.9515,0.9859,0.9934
Unilever_photo,photo,jpeg,HEART-fp16-64-t384o64,3.86,2.0196,97.10,37.57,0.9754,0.9371,0.8813,0.9010,0.9515,0.9859,0.9934
Unilever_photo,photo,jpeg,HEART-fp16-64-t512o32,3.66,2.0495,97.16,37.30,0.9746,0.9311,0.8809,0.9005,0.9512,0.9857,0.9928
Unilever_photo,photo,jpeg,HEART-fp16-64-t512o64,3.66,2.0495,97.16,37.30,0.9746,0.9311,0.8809,0.9005,0.9512,0.9857,0.9928
Unilever_photo,photo,jpeg,HEART-fp16-64-whole,3.66,2.0495,97.16,37.30,0.9746,0.9311,0.8809,0.9005,0.9512,0.9857,0.9928
Unilever_photo,photo,jpeg,HEART-fp16r-64-whole,3.66,2.0482,97.14,37.30,0.9750,0.9333,0.8809,0.9005,0.9512,0.9857,0.9931
Unilever_photo,photo,jpeg,HEART-fp32-64-whole,3.66,2.0523,97.17,37.31,0.9751,0.9339,0.8808,0.9005,0.9512,0.9857,0.9931
Unilever_photo,photo,jpeg,REFERENCE,100.00,3.3816,97.78,32.35,0.9485,0.8863,nan,nan,nan,nan,nan
